-74.008767,40.715126,"First Congregational/Unitarian Church, 1820-1845",V,Non-evangelical,"<div class=""googft-info-window""> <b>name:</b> First Congregational/Unitarian Church, 1820-1845 <b>description:</b> Chambers Street.  Approximate location.  Meet prior in a private house before building church.  Moves to 548 Broadway in 1845. <b>Denomination:</b> Unitarian <b>Date Founded/Built:</b> 1820 </div>"
-74.007707,40.728221,"Salem Baptist Church, 1836-1845",B,Evangelical,"<div class=""googft-info-window""> <b>name:</b> Salem Baptist Church, 1836-1845 <b>description:</b> Moved from School Room on Smith St. <b>Denomination:</b> Baptist <b>Date Founded/Built:</b> 1836 </div>"
-73.99678,40.717073,"Christian Baptist Church, 1845",B,Evangelical,"<div class=""googft-info-window""> <b>name:</b> Christian Baptist Church, 1845 <b>description:</b> Rented Hall. 43 Elizabeth Street. <b>Denomination:</b> Baptist <b>Date Founded/Built:</b> 1845 </div>"
-74.011215,40.707434,"First Presbyterian Church, 1719-1846",P,Evangelical,"<div class=""googft-info-window""> <b>name:</b> First Presbyterian Church, 1719-1846 <b>description:</b> Frame meetinghouse, 1719-1748; rebuilt stone, 1748; rebuilt after Revolution; rebuilt, 1811; rebuilt, 1834. <b>Denomination:</b> Presbyterian <b>Date Founded/Built:</b> 1719 </div>"
-74.012301,40.707394,"Grace Protestant Episcopal Church, 1808-1846",E,Evangelical,"<div class=""googft-info-window""> <b>name:</b> Grace Protestant Episcopal Church, 1808-1846 <b>description:</b> Moved up to a ""new and very elegant house"" on Broadway on corner of Tenth, in March 1846. <b>Denomination:</b> Protestant Episcopalian <b>Date Founded/Built:</b> 1808 </div>"
-73.998153,40.724115,"Church of Crucifixion, 1845-46",E,Non-evangelical,"<div class=""googft-info-window""> <b>name:</b> Church of Crucifixion, 1845-46 <b>description:</b> Meets in Lyceum of Natural History. <b>Denomination:</b> Protestant Episcopalian <b>Date Founded/Built:</b> 1845 </div>"
-73.989192,40.731812,"Eleventh Street Baptist Church, 1843-1846",B,Evangelical,"<div class=""googft-info-window""> <b>name:</b> Eleventh Street Baptist Church, 1843-1846 <b>description:</b> Move up to 12th Street in 1846. <b>Denomination:</b> Baptist <b>Date Founded/Built:</b> 1843 </div>"
-73.977947,40.726244,"Dry Dock Methodist Episcopal Church, 1845-1847",M,Evangelical,"<div class=""googft-info-window""> <b>name:</b> Dry Dock Methodist Episcopal Church, 1845-1847 <b>description:</b> Room over a lager-beer saloon.  Moved to a shanty in vicinity before moving to 9th Street and Avenue B. <b>Denomination:</b> Methodist <b>Date Founded/Built:</b> 1845 </div>"
-73.99961,40.720964,"Bethesda Baptist Church, 1841-1847",B,Evangelical,"<div class=""googft-info-window""> <b>name:</b> Bethesda Baptist Church, 1841-1847 <b>description:</b> Meets in school room of Mechanics Society School. <b>Denomination:</b> Baptist <b>Date Founded/Built:</b> 1841 </div>"
-73.986362,40.716287,"Temple Emanu-El, 1843-1847",J,Non-evangelical,"<div class=""googft-info-window""> <b>name:</b> Temple Emanu-El, 1843-1847 <b>description:</b> (very) approximate location. <b>Denomination:</b> Jewish <b>Date Founded/Built:</b> 1843 </div>"
-74.006313,40.717865,"Beth Israel, 1843-1847",J,Non-evangelical,"<div class=""googft-info-window""> <b>name:</b> Beth Israel, 1843-1847 <b>description:</b> (very) approximate location. <b>Denomination:</b> Jewish <b>Date Founded/Built:</b> 1843 </div>"
-73.977236,40.720403,"Asbury African Methodist Episcopal Church, 1844-47",M,Evangelical,"<div class=""googft-info-window""> <b>name:</b> Asbury African Methodist Episcopal Church, 1844-47 <b>description:</b> At 333 Third Street according to city directories. <b>Denomination:</b> Methodist <b>Date Founded/Built:</b> 1844 </div>"
-74.003796,40.709157,"St. George's Protestant Episcopal Church, 1752-1848",E,Evangelical,"<div class=""googft-info-window""> <b>name:</b> St. George's Anglican/Protestant Episcopal Church, 1752-1848 <b>description:</b> Rebuilt 1815. Moved up to Sixteenth Street and Third Avenue in 1848. <b>Denomination:</b> Protestant Episcopalian <b>Date Founded/Built:</b> 1752 </div>"
-74.002138,40.736239,"Hammond Street Presbyterian Church, 1845-1848",P,Evangelical,"<div class=""googft-info-window""> <b>name:</b> Hammond Street Presbyterian Church, 1845-1848 <b>description:</b> Built lecture room in 1845, then church in 1846. Goes Congregational in 1848. <b>Denomination:</b> Presbyterian <b>Date Founded/Built:</b> 1845 </div>"
-73.995284,40.75391,"North Presbyterian Church, 1845-1849",P,Evangelical,"<div class=""googft-info-window""> <b>name:</b> North Presbyterian Church, 1845-1849 <b>description:</b> Meet in Ward School #33.  Built frame church on 32nd Street in 1849. <b>Denomination:</b> Presbyterian <b>Date Founded/Built:</b> 1845 </div>"
-74.000352,40.726539,"Laurens Street Baptist Church, 1828-1850",B,Evangelical,"<div class=""googft-info-window""> <b>name:</b> Laurens Street Baptist Church, 1828-1850 <b>description:</b> Approximate location. <b>Denomination:</b> Baptist <b>Date Founded/Built:</b> 1828 </div>"
-74.00229,40.711208,"Church of the Holy Evangelist, 1831-1850",E,Non-evangelical,"<div class=""googft-info-window""> <b>name:</b> Church of the Holy Evangelist, 1831-1850 <b>description:</b> Begun in the vacated Vandewater Street Church (Presbyterian?) in 1831.  Moved up to Old St. George's Church in 1850. <b>Denomination:</b> Protestant Episcopalian <b>Date Founded/Built:</b> 1831 </div>"
-73.99972,40.713737,"Tabernacle Baptist Church, 1839-1850",B,Evangelical,"<div class=""googft-info-window""> <b>name:</b> Tabernacle Baptist Church, 1839-1850 <b>description:</b> Move to same block as NY Historical Society in 1850. <b>Denomination:</b> Baptist <b>Date Founded/Built:</b> 1839 </div>"
-74.004339,40.711318,"First Colored Presbyterian Church, 1831-1851",P,Evangelical,"<div class=""googft-info-window""> <b>name:</b> First Colored Presbyterian Church, 1831-1851 <b>description:</b> Formerly the Swamp Church.  Moved from school room near junction of Duane and Hudson Streets. <b>Denomination:</b> Presbyterian <b>Date Founded/Built:</b> 1831 </div>"
-73.995622,40.719761,"Welsh Presbyterian Church, 1833-1851",P,Evangelical,"<div class=""googft-info-window""> <b>name:</b> Welsh Presbyterian Church, 1833-1851 <b>description:</b> Switched from being a Congregational Church. <b>Denomination:</b> Presbyterian <b>Date Founded/Built:</b> 1833 </div>"
-73.988754,40.756052,"Forty-First Street Methodist Episcopal Church, 1835-1851",M,Evangelical,"<div class=""googft-info-window""> <b>name:</b> Forty-First Street Methodist Episcopal Church, 1835-1851 <b>description:</b> Approximate location.  Before that at Brother William White's, between the large glass factory and the old chemical works on Eighth Avenue. After that at W 43rd. <b>Denomination:</b> Methodist <b>Date Founded/Built:</b> 1835 </div>"
-74.00705,40.715914,"Duane Street Presbyterian Church, 1835-1851",P,Evangelical,"<div class=""googft-info-window""> <b>name:</b> Duane Street Presbyterian Church, 1835-1851 <b>description:</b> Moved up from Cedar Street; moved to Fifth Avenue and 19th Street in 1852. <b>Denomination:</b> Presbyterian <b>Date Founded/Built:</b> 1835 </div>"
-73.988719,40.720104,"Brainerd Presbyterian Church, 1836-1851",P,Evangelical,"<div class=""googft-info-window""> <b>name:</b> Brainerd Presbyterian Church, 1836-1851 <b>description:</b> Moved from an ""inconvenient upper room"" on corner of Stanton and Essex Streets in 1836. <b>Denomination:</b> Presbyterian <b>Date Founded/Built:</b> 1836 </div>"
-73.988099,40.727058,"Sixth Street Presbyterian Church, 1843-1851",P,Evangelical,"<div class=""googft-info-window""> <b>name:</b> Sixth Street Presbyterian Church, 1843-1851 <b>description:</b> Moved from Temperance Hall on Bowery in 1843.  United Brainerd Church to form Fourteenth Street. <b>Denomination:</b> Presbyterian <b>Date Founded/Built:</b> 1843 </div>"
-74.001277,40.714091,"Zion Baptist Church, 1840-1851",B,Evangelical,"<div class=""googft-info-window""> <b>name:</b> Zion Baptist Church, 1840-1851 <b>description:</b> Formerly occupied by Zion Lutheran Church, First Universalist Society, Church of the New Jerusalem, and St  James Lutheran Church.  For African American Congregation. <b>Denomination:</b> Baptist <b>Date Founded/Built:</b> 1840 </div>"
-73.99906,40.714629,"Zion Protestant Episcopal Church, 1811-1852",E,Non-evangelical,"<div class=""googft-info-window""> <b>name:</b> Zion Protestant Episcopal Church, 1811-1852 <b>description:</b> Former Lutheran congregation.  Worship in a small church on Mott, corner of Cross Street in 1811.  It burned in 1815 when feed store across the street catches fire.  They temporarily worship in the Eglise Du St Esprit until church reopens in 1818. Moved up to 38th and Madison in 1852. <b>Denomination:</b> Protestant Episcopalian <b>Date Founded/Built:</b> 1811 </div>"
-73.998639,40.726228,"Greene Street Reformed Dutch Church, 1825-1852",D,Non-evangelical,"<div class=""googft-info-window""> <b>name:</b> Greene Street Reformed Dutch Church, 1825-1852 <b>description:</b> Greene and Houston Streets.  Half of schismatic congregation moved over from the Watch House on corner of Prince and Wooster Streets in 1825. <b>Denomination:</b> Reformed Dutch <b>Date Founded/Built:</b> 1825 </div>"
-73.982582,40.721489,"African Methodist Episcopal Church, 1835-52",M,Evangelical,"<div class=""googft-info-window""> <b>name:</b> African Methodist Episcopal Church, 1835-52 <b>description:</b> Built brick church at 227 Second Street in 1835. Lasted until 1852. Is it possible it became the Bethel Church in 1854? <b>Denomination:</b> Methodist <b>Date Founded/Built:</b> 1835 </div>"
-73.986519,40.73963,"Tenth Presbyterian Church, 1838-1852",P,Evangelical,"<div class=""googft-info-window""> <b>name:</b> Tenth Presbyterian Church, 1838-1852 <b>description:</b> Moved from rented quarters on 22nd Street near 3rd Avenue. <b>Denomination:</b> Presbyterian <b>Date Founded/Built:</b> 1838 </div>"
-73.989472,40.727647,"Church of the Redemption, 1842-1852",E,Non-evangelical,"<div class=""googft-info-window""> <b>name:</b> Church of the Redemption, 1842-1852 <b>description:</b> Protestant Episcopal.  Meet in former St. Timothy's Church.  Might have moved to Eleventh Street in Third Ave in 1846 and Seventh Street between Avenues A and B in 1849. <b>Denomination:</b> Protestant Episcopalian <b>Date Founded/Built:</b> 1842 </div>"
-73.983251,40.720416,"Rodeph Shalom Synagogue, 1842-1852",J,Non-evangelical,"<div class=""googft-info-window""> <b>name:</b> Rodeph Shalom Synagogue, 1842-1852 <b>description:</b> Moved over to 8 Clinton Street. <b>Denomination:</b> Jewish <b>Date Founded/Built:</b> 1842 </div>"
-73.999438,40.720637,"Scotch Presbyterian Church, 1836-1853",P,Evangelical,"<div class=""googft-info-window""> <b>name:</b> Scotch Presbyterian Church, 1836-1853 <b>description:</b> Moved up to Fourteenth Street between Fifth and Sixth Avenues in 1853. <b>Denomination:</b> Presbyterian <b>Date Founded/Built:</b> 1836 </div>"
-73.986112,40.722935,"Ebenezer Baptist Church, 1838-1853",B,Evangelical,"<div class=""googft-info-window""> <b>name:</b> Ebenezer Baptist Church, 1838-1853 <b>description:</b> Previously met in the northeasterly part of the city.  Moved up to W. 86th Street in 1853. <b>Denomination:</b> Baptist <b>Date Founded/Built:</b> 1838 </div>"
-74.001703,40.731154,"St. Jude's Free Episcopal Church, 1844-1853",E,Evangelical,"<div class=""googft-info-window""> <b>name:</b> St. Jude's Free Episcopal Church, 1844-1853 <b>description:</b> Move from chapel at NYU. <b>Denomination:</b> Protestant Episcopalian <b>Date Founded/Built:</b> 1844 </div>"
-74.006068,40.718433,"Northwest Reformed Dutch Church, 1808-1854",D,Non-evangelical,"<div class=""googft-info-window""> <b>name:</b> Northwest Reformed Dutch Church, 1808-1854 <b>description:</b> Franklin Street.  Moed to 145 W. 23rd Street in 1854. <b>Denomination:</b> Reformed Dutch <b>Date Founded/Built:</b> 1808 </div>"
-74.005243,40.716893,"Christ Church, Protestant Episcopal, 1823-1854",E,Evangelical,"<div class=""googft-info-window""> <b>name:</b> Christ Church, Protestant Episcopal, 1823-1854 <b>description:</b> Anthony Street.  Moved up from Ann Street in 1823. Rebuilt after fire in 1847. On Weeden. <b>Denomination:</b> Protestant Episcopalian <b>Date Founded/Built:</b> 1823 </div>"
-73.994962,40.726322,"Bleecker Street Presbyterian Church, 1826-1855",P,Evangelical,"<div class=""googft-info-window""> <b>name:</b> Bleecker Street Presbyterian Church, 1826-1855 <b>description:</b> Moved from room next door. Moved to Fourth Avenue and 22nd Street in 1855. <b>Denomination:</b> Presbyterian <b>Date Founded/Built:</b> 1826 </div>"
-73.995496,40.73032,"Church of the Annunciation, 1845-1847",E,Non-evangelical,"<div class=""googft-info-window""> <b>name:</b> Church of the Annunciation, 1845-1847 <b>description:</b> Protestant Episcopal.  Moved here from Prince and Thompson Streets.  Moved to W. 14th Street. <b>Denomination:</b> Protestant Episcopalian <b>Date Founded/Built:</b> 1845 </div>"
-74.007023,40.717269,"Abyssinian Church, 1809-1856",B,Evangelical,"<div class=""googft-info-window""> <b>name:</b> Abyssinian Church, 1809-1856 <b>description:</b> African American congregation.  Meets in former Scotch Baptist Church. <b>Denomination:</b> Baptist <b>Date Founded/Built:</b> 1809 </div>"
-74.002077,40.715589,"St. Phillip's Protestant Episcopal Church, 1819-1856",E,Non-evangelical,"<div class=""googft-info-window""> <b>name:</b> St Phillip's Protestant Episcopal Church, 1819-1856 <b>description:</b> Church for African American congregation.  Burned and rebuilt in 1821.  Moves up to W. 35th Street in 1856. <b>Denomination:</b> Protestant Episcopalian <b>Date Founded/Built:</b> 1819 </div>"
-73.994715,40.716343,"Methodist Society, 1820-1856.",M,Evangelical,"<div class=""googft-info-window""> <b>name:</b> Methodist Society, 1820-1856. <b>description:</b> Chrystie Street.  Schism from Methodist Episcopal Church. Met in schoolroom at 63 Christie until moving to new structure. <b>Denomination:</b> Methodist <b>Date Founded/Built:</b> 1820 </div>"
-74.00924,40.722579,"First Wesleyan Chapel, 1833-1856",M,Evangelical,"<div class=""googft-info-window""> <b>name:</b> First Wesleyan Chapel, 1833-1856 <b>description:</b> Moved in 1856 to 7th Avenue and W. 13th Street. <b>Denomination:</b> Methodist <b>Date Founded/Built:</b> 1833 </div>"
-74.003553,40.733655,"St. Matthew's Protestant Episcopal Church, 1842-1856",E,Non-evangelical,"<div class=""googft-info-window""> <b>name:</b> St. Matthew's Protestant Episcopal Church, 1842-1856 <b>description:</b> Meet in former Eighth Presbyterian Church. <b>Denomination:</b> Protestant Episcopalian <b>Date Founded/Built:</b> 1842 </div>"
-73.994814,40.725513,"Second Wesleyan Church, 1834-1857",M,Evangelical,"<div class=""googft-info-window""> <b>name:</b> Second Wesleyan Church, 1834-1857 <b>description:</b> Moved to 4th Avenue and 22nd Street in 1857. <b>Denomination:</b> Methodist <b>Date Founded/Built:</b> 1834 </div>"
-74.017156,40.708923,"Bethel Ship John Wesley, 1845-1857",M,Evangelical,"<div class=""googft-info-window""> <b>name:</b> Bethel Ship John Wesley, 1845-1857 <b>description:</b> Moved up to Carlisle Street in 1857. <b>Denomination:</b> Methodist <b>Date Founded/Built:</b> 1845 </div>"
-74.000879,40.718964,"St. Vincent de Paul Roman Catholic Church, 1842-1857",C,Non-evangelical,"<div class=""googft-info-window""> <b>name:</b> St. Vincent de Paul Roman Catholic Church, 1842-1857 <b>description:</b> Moved up to 123 W 23rd in 1857 <b>Denomination:</b> Catholic <b>Date Founded/Built:</b> 1842 </div>"
-74.00089,40.727275,"Third Free Presbyterian, 1833-1858",P,Evangelical,"<div class=""googft-info-window""> <b>name:</b> Third Free Presbyterian, 1833-1858 <b>description:</b> Moved from Masonic Hall. <b>Denomination:</b> Presbyterian <b>Date Founded/Built:</b> 1833 </div>"
-73.980318,40.720181,"St. Simon's Protestant Episcopal Church, 1844-1858",E,Non-evangelical,"<div class=""googft-info-window""> <b>name:</b> St. Simon's Protestant Episcopal Church, 1844-1858 <b>description:</b> Small frame church at 148 Houston Street. <b>Denomination:</b> Protestant Episcopalian <b>Date Founded/Built:</b> 1844 </div>"
-73.976389,40.758576,"St. John the Evangelist, 1840-1859",E,Non-evangelical,"<div class=""googft-info-window""> <b>name:</b> St. John the Evangelist, 1840-1859 <b>description:</b> Reopen chapel from former Jesuit College and soon move into frame chapel, 1840.  Move block down when construction begins on St. Patrick's in 1858/9. <b>Denomination:</b> Catholic <b>Date Founded/Built:</b> 1840 </div>"
,,,,,
-73.998519,40.722385,"Shearith Israel Synagogue, 1834-1860",J,Non-evangelical,"<div class=""googft-info-window""> <b>name:</b> Shearith Israel Synagogue, 1834-1860 <b>description:</b> Moved up from Mill Street. <b>Denomination:</b> Jewish <b>Date Founded/Built:</b> 1834 </div>"
-74.000182,40.729368,"Sullivan Street Methodist Episcopal Church, 1842-1860",M,Evangelical,"<div class=""googft-info-window""> <b>name:</b> Sullivan Street Methodist Episcopal Church, 1842-1860 <b>description:</b> Previously a Methodist Protestant Church in the same building. <b>Denomination:</b> Methodist <b>Date Founded/Built:</b> 1842 </div>"
-73.986596,40.720536,"Asbury Methodist Episcopal Church, 1843-1861",M,Evangelical,"<div class=""googft-info-window""> <b>name:</b> Asbury Methodist Episcopal Church, 1843-1861 <b>description:</b> Met previously in Columbian Hall.  Also known as the Norfollk Street Church. <b>Denomination:</b> Methodist <b>Date Founded/Built:</b> 1843 </div>"
-73.990469,40.713575,"Rutgers Presbyterian Church, 1796-1862",P,Evangelical,"<div class=""googft-info-window""> <b>name:</b> Rutgers Presbyterian Church, 1796-1862 <b>description:</b> Rebuild church in 1841.  Consolidated with and moved up to Madison Avenue Church, 29th and Madison in 1863. <b>Denomination:</b> Presbyterian <b>Date Founded/Built:</b> 1796 </div>"
-74.009986,40.717126,"Duane Street Methodist Episcopal Church, 1797-1863",M,Evangelical,"<div class=""googft-info-window""> <b>name:</b> Duane Street Methodist Episcopal Church, 1797-1863 <b>description:</b> Moved in 1863 to a private dwelling. <b>Denomination:</b> Methodist <b>Date Founded/Built:</b> 1818 </div>"
-73.997867,40.713003,"Oliver Street Baptist Church, 1795-1863",B,Evangelical,"<div class=""googft-info-window""> <b>name:</b> Oliver Street Baptist Church, 1795-1863 <b>description:</b> Rebuilt 1800, 1819, 1843. <b>Denomination:</b> Baptist <b>Date Founded/Built:</b> 1795 </div>"
-74.005552,40.718092,"Du St. Esprit Protestant Episcopal Church, 1831-1863",E,Non-evangelical,"<div class=""googft-info-window""> <b>name:</b> Du St. Esprit Protestant Episcopal Church, 1831-1863 <b>description:</b> French Protestant Church under the aegis of the Protestant Episcopal Church.  Moved here in 1831.  Moved up to 30 W. 22nd Street in 1863. <b>Denomination:</b> Protestant Episcopalian <b>Date Founded/Built:</b> 1831 </div>"
-74.004409,40.734229,"Greenwich Reformed Dutch Church, 1826-1864",D,Non-evangelical,"<div class=""googft-info-window""> <b>name:</b> Greenwich Reformed Dutch Church, 1826-1864 <b>description:</b> Herring Street (now Bleecker and Amos Streets).  Moved from wooden church between Amos and Charles Streets in 1826. <b>Denomination:</b> Reformed Dutch <b>Date Founded/Built:</b> 1826 </div>"
-74.005116,40.729731,"West Presbyterian Church, 1832-1865",P,Evangelical,"<div class=""googft-info-window""> <b>name:</b> West Presbyterian Church, 1832-1865 <b>description:</b> Moved from rented room on Bleecker. <b>Denomination:</b> Presbyterian <b>Date Founded/Built:</b> 1832 </div>"
-73.987766,40.717085,"Norfolk Street Baptist Church, 1841-1865",B,Evangelical,"<div class=""googft-info-window""> <b>name:</b> Norfolk Street Baptist Church, 1841-1865 <b>description:</b> Takes over church formerly built by ""Christian Society"".  Rebuilt 1848.  Moves up to 8 W. 46th Street in 1865. <b>Denomination:</b> Baptist <b>Date Founded/Built:</b> 1840 </div>"
-73.993263,40.718935,"St. Stephen Protestant Episcopal Church, 1805-1866",E,Non-evangelical,"<div class=""googft-info-window""> <b>name:</b> St. Stephen Protestant Episcopal Church, 1805-1866 <b>description:</b> Moves to Du St Esprit on W 22nd Street in 1866. <b>Denomination:</b> Protestant Episcopalian <b>Date Founded/Built:</b> 1805 </div>"
-73.994776,40.713254,"Northeast Reformed Dutch Church, 1819-1866",D,Non-evangelical,"<div class=""googft-info-window""> <b>name:</b> Northeast Reformed Dutch Church, 1819-1866 <b>description:</b> Corner of Henry and Market Streets.  Became the Presbyterian Church of the Sea and the Land in 1866. <b>Denomination:</b> Reformed Dutch <b>Date Founded/Built:</b> 1819 </div>"
-73.997775,40.721183,"Central Presbyterian Church, 1822-1866",P,Evangelical,"<div class=""googft-info-window""> <b>name:</b> Central Presbyterian Church, 1822-1866 <b>description:</b> Broome Street.  Moved from Central School in Mulberry Street.  Rebuilt 1854.  Absorbed and moved to Fiftieth Street Prebysterian Church, 1866. <b>Denomination:</b> Presbyterian <b>Date Founded/Built:</b> 1822 </div>"
-73.996567,40.728921,"Amity Street Baptist Church, 1834-1867",B,Evangelical,"<div class=""googft-info-window""> <b>name:</b> Amity Street Baptist Church, 1834-1867 <b>description:</b> Moved from Broadway Hall into purpose-built church. <b>Denomination:</b> Baptist <b>Date Founded/Built:</b> 1834 </div>"
-73.981813,40.775833,"Harsenville/Bloomingdale Reformed Dutch Church, 1816-1868",D,Non-evangelical,"<div class=""googft-info-window""> <b>name:</b> Harsenville/Bloomingdale Reformed Dutch Church, 1816-1868 <b>description:</b> 68th and Broadway. Approximate location.  Congregation began in 1805 when Jacob Harsen and his neighbors founded the church.  Build stone structure between 1814 and 1816.  Street widened in 1868, so the church is razed, but rebuilt 15 years later. <b>Denomination:</b> Reformed Dutch <b>Date Founded/Built:</b> 1816 </div>"
-74.006865,40.709694,"Unitas Fratrum/Moravian Church, 1751-1869",F,Evangelical,"<div class=""googft-info-window""> <b>name:</b> Unitas Fratrum/Moravian Church, 1751-1869 <b>description:</b> Move up to 154 Lexington Avenue in 1869. <b>Denomination:</b> Moravian <b>Date Founded/Built:</b> 1751 </div>"
-73.987694,40.734248,"Fifteenth Street Presbyterian Church, 1843-1869",P,Evangelical,"<div class=""googft-info-window""> <b>name:</b> Fifteenth Street Presbyterian Church, 1843-1869 <b>description:</b> Moved up to Madison Ave and 73rd Street in 1869 <b>Denomination:</b> Presbyterian <b>Date Founded/Built:</b> 1843 </div>"
-73.93734,40.80465,"Methodist Episcopal Church at Harlem (St. James), 1833-1870",M,Evangelical,"<div class=""googft-info-window""> <b>name:</b> Methodist Episcopal Church at Harlem (St James), 1833-1870 <b>description:</b> B: Church at 125th Street and Lexington Ave, July 1833. <b>Denomination:</b> Methodist <b>Date Founded/Built:</b> 1833 </div>"
-74.001099,40.745691,"Chelsea Presbyterian Church, 1843-1870",P,Evangelical,"<div class=""googft-info-window""> <b>name:</b> Chelsea Presbyterian Church, 1843-1870 <b>description:</b> <b>Denomination:</b> Presbyterian <b>Date Founded/Built:</b> 1843 </div>"
-73.99319,40.72732,"St. Bartholomew's Protestant Episcopal Church, 1835-1872",E,Evangelical,"<div class=""googft-info-window""> <b>name:</b> St. Bartholomew's Protestant Episcopal Church, 1835-1872 <b>description:</b> Moves up from Military Hall on Mulberry Street in 1835. <b>Denomination:</b> Protestant Episcopalian <b>Date Founded/Built:</b> 1835 </div>"
-74.00185,40.726115,"Emmanuel Free Protestant Episcopal Church, 1845-1872",E,Non-evangelical,"<div class=""googft-info-window""> <b>name:</b> Emmanuel Free Protestant Episcopal Church, 1845-1872 <b>description:</b> Former Church of the Annunciation. <b>Denomination:</b> Protestant Episcopalian <b>Date Founded/Built:</b> 1845 </div>"
-73.986467,40.721057,"Missionary Church of the Epiphany, 1834-1874",E,Evangelical,"<div class=""googft-info-window""> <b>name:</b> Missionary Church of the Epiphany, 1834-1874 <b>description:</b> Protestant Episcopal. Moved from hall on corner of Allen and Houston Streets in 1834. <b>Denomination:</b> Protestant Episcopalian <b>Date Founded/Built:</b> 1834 </div>"
-74.006475,40.709922,"North Reformed Dutch Church, 1767-1875",D,Non-evangelical,"<div class=""googft-info-window""> <b>name:</b> North Reformed Dutch Church, 1767-1875 <b>description:</b> Remodeled in 1842. <b>Denomination:</b> Reformed Dutch <b>Date Founded/Built:</b> 1767 </div>"
-74.001234,40.723153,"Greene Street Methodist Episcopal Church, 1832-1876",M,Evangelical,"<div class=""googft-info-window""> <b>name:</b> Greene Street Methodist Episcopal Church, 1832-1876 <b>description:</b> <b>Denomination:</b> Methodist <b>Date Founded/Built:</b> 1832 </div>"
-73.995139,40.723633,"St. Patrick's Roman Catholic Church, 1815-1879",C,Non-evangelical,"<div class=""googft-info-window""> <b>name:</b> St. Patrick's Roman Catholic Church, 1815-1879 <b>description:</b> Moved up to Fifth Avenue and East 50th Street in 1879. <b>Denomination:</b> Catholic <b>Date Founded/Built:</b> 1815 </div>"
-73.95615,40.780117,"Yorkville Methodist Episcopal Church, 1837-1882",M,Evangelical,"<div class=""googft-info-window""> <b>name:</b> Yorkville Methodist Episcopal Church, 1837-1882 <b>description:</b> Frame Chrch on 86th Stret and 3d Avenue.  Former frame of the John Street Church. Rebuilt 1856. <b>Denomination:</b> Methodist <b>Date Founded/Built:</b> 1837 </div>"
-74.00699,40.73241,"St. Luke's Protestant Episcopal Church, 1822-1886",E,Non-evangelical,"<div class=""googft-info-window""> <b>name:</b> St Luke's Protestant Episcopal Church, 1822-1886 <b>description:</b> Hudson Street.  Built church after meeting in temporary spaces.  Burns 1886 and move (eventually) up to 141st Street. <b>Denomination:</b> Protestant Episcopalian <b>Date Founded/Built:</b> 1822 </div>"
-73.989949,40.719811,"Allen Street Methodist Episcopal Church, 1810-1889",M,Evangelical,"<div class=""googft-info-window""> <b>name:</b> Allen Street Methodist Episcopal Church, 1810-1889 <b>description:</b> Moved (?) and rebuilt 1836. <b>Denomination:</b> Methodist <b>Date Founded/Built:</b> 1810 </div>"
-73.979153,40.723104,"Church of the Nativity, 1839-1889",E,Non-evangelical,"<div class=""googft-info-window""> <b>name:</b> Church of the Nativity, 1839-1889 <b>description:</b> Moved from ""temporary place of worship"" on Avenue D near 8th Street in 1839. <b>Denomination:</b> Protestant Episcopalian <b>Date Founded/Built:</b> 1839 </div>"
-74.00398,40.729365,"Berean Baptist Church, 1841-1890",B,Evangelical,"<div class=""googft-info-window""> <b>name:</b> Berean Baptist Church, 1841-1890 <b>description:</b> Moved from room on King Street.  Moved to 55 Washington Square. <b>Denomination:</b> Baptist <b>Date Founded/Built:</b> 1841 </div>"
-74.003057,40.721058,"Canal Street Presbyterian Church, 1822-1893",P,Evangelical,"<div class=""googft-info-window""> <b>name:</b> Canal Street Presbyterian Church, 1822-1893 <b>description:</b> Moved up from Orange Street in 1822. Also known as the Orange Street and Irish Presbyterian Church. <b>Denomination:</b> Presbyterian <b>Date Founded/Built:</b> 1824 </div>"
-73.981347,40.721332,"First German Methodist Episcopl Church, 1842-1900",M,Evangelical,"<div class=""googft-info-window""> <b>name:</b> First German Methodist Episcopl Church, 1842-1900 <b>description:</b> Began as mission in hired house on corner of Essex and Stanton Streets, 1841 <b>Denomination:</b> Methodist <b>Date Founded/Built:</b> 1842 </div>"
-73.994357,40.714735,"Forsyth Methodist Episcopal Church, 1789-1904",M,Evangelical,"<div class=""googft-info-window""> <b>name:</b> Forsyth Methodist Episcopal Church, 1789-1904 <b>description:</b> Rebuilt 1833. Image painted by William Chappel. Inscription on back: &quot;No. 15/ Infant Funeral 8 young Ladies Born by 8 young ladies/ in White followed by the Widdows &amp; children &amp; [Entering]/ Scene in 2d &amp; Bayard/ now Forsyth St/ the meetinghouse ��� Engine house &amp; Corner Store [3]/ also the Chain across the Street to prohibit the vehicles from Passing in time of Service/ Rev Doct Phoebus pastor/ 1809.&quot; <b>Denomination:</b> Methodist <b>Date Founded/Built:</b> 1789 </div>"
-73.996935,40.725808,"St. Thomas Protestant Episcopal Church, 1824-1905",E,Evangelical,"<div class=""googft-info-window""> <b>name:</b> St Thomas Protestant Episcopal Church, 1824-1905 <b>description:</b> Rebuilt church in 1853. Moved to 53rd and 5th Avenue in 1905. <b>Denomination:</b> Protestant Episcopalian <b>Date Founded/Built:</b> 1841 </div>"
-73.983288,40.715524,"Willett Street Methodist Episcopal Church, 1826-1905",M,Evangelical,"<div class=""googft-info-window""> <b>name:</b> Willett Street Methodist Episcopal Church, 1826-1905 <b>description:</b> Founded in 1817 and met in temporary spaces until purpose-built church constructed. <b>Denomination:</b> Methodist <b>Date Founded/Built:</b> 1838 </div>"
-74.006234,40.721115,"St. John's Protestant Episcopal Church, 1807-1909",E,Non-evangelical,"<div class=""googft-info-window""> <b>name:</b> St. John's Protestant Episcopal Church, 1807-1909 <b>description:</b> Varick Street.  Built from 1803 to 1807 facing St. John's (later Hudson) Park.  Park becomes the New York Central and Hudson River Rail Road Freight Depot in 1868. Church closes in 1909. <b>Denomination:</b> Protestant Episcopalian <b>Date Founded/Built:</b> 1807 </div>"
-74.000017,40.73008,"St. Clement's Protestant Episcopal Church, 1831-1910",E,Non-evangelical,"<div class=""googft-info-window""> <b>name:</b> St. Clement's Protestant Episcopal Church, 1831-1910 <b>description:</b> Moved from ""The Long Room"" in the rear of the military barracks on Barrow Street in 1831.  Moved to Lafayette Street in 1910. <b>Denomination:</b> Protestant Episcopalian <b>Date Founded/Built:</b> 1836 </div>"
-73.992436,40.709549,"Floating Church of Our Saviour, 1844-1910",E,Evangelical,"<div class=""googft-info-window""> <b>name:</b> Floating Church of Our Saviour, 1844-1910 <b>description:</b> Protestant Episcopal.  Burns in 1866, rebuilt in 1870. <b>Denomination:</b> Protestant Episcopalian <b>Date Founded/Built:</b> 1844 </div>"
-73.98944,40.728313,"Bowery Methodist Episcopal Church, 1836-1911",M,Evangelical,"<div class=""googft-info-window""> <b>name:</b> Bowery Methodist Episcopal Church, 1836-1911 <b>description:</b> Church began in 1795 around the corner. <b>Denomination:</b> Methodist <b>Date Founded/Built:</b> 1836 </div>"
-74.004395,40.730831,"Bedford Street Methodist Episcopal Church, 1810-1913",M,Evangelical,"<div class=""googft-info-window""> <b>name:</b> Bedford Street Methodist Episcopal Church, 1810-1913 <b>description:</b> Enlarged 1830; rebuilt 1840. <b>Denomination:</b> Methodist <b>Date Founded/Built:</b> 1810 </div>"
-73.980043,40.720801,"Second Street Methodist Episcopal Church, 1832-1913",M,Evangelical,"<div class=""googft-info-window""> <b>name:</b> Second Street Methodist Episcopal Church, 1832-1913 <b>description:</b> Large garret in Stagg�۪s Barracks was opened for a Sunday School by ���Aunt Annie�۝ Fitzgerald, wife of ���Uncle Billy�۝ Fitzgerald in 1816. Moved to church in 1832. <b>Denomination:</b> Methodist <b>Date Founded/Built:</b> 1832 </div>"
-73.980096,40.741132,"27th Street or Rose Hill Methodist Episcopal Church, 1842-1917",M,Evangelical,"<div class=""googft-info-window""> <b>name:</b> 27th Street or Rose Hill Methodist Episcopal Church, 1842-1917 <b>description:</b> Originated in private house in 1827. Rebuilt in 1849 after fire. <b>Denomination:</b> Methodist <b>Date Founded/Built:</b> 1842 </div>"
-74.005447,40.725478,"Spring Street Presbyterian Church, 1811-1960s",P,Evangelical,"<div class=""googft-info-window""> <b>name:</b> Spring Street Presbyterian Church, 1811-1960s <b>description:</b> Moved from grocery store down the street in 1811.  Schism in 1825 led to creation of Laight Street Presbyterian, but this remant stayed behind.  Rebuilt church in 1836. <b>Denomination:</b> Presbyterian <b>Date Founded/Built:</b> 1811 </div>"
-73.989737,40.725208,"Church of the Nativity, Roman Catholic, 1842-1969",C,Non-evangelical,"<div class=""googft-info-window""> <b>name:</b> Church of the Nativity, Roman Catholic, 1842-1969 <b>description:</b> <b>Denomination:</b> Catholic <b>Date Founded/Built:</b> 1842 </div>"
-73.986777,40.73896,"Calvary Protestant Episcopal Church, 1842-1975",E,Non-evangelical,"<div class=""googft-info-window""> <b>name:</b> Calvary Protestant Episcopal Church, 1842-1975 <b>description:</b> Moved frame church down from 21st Street in 1842.  Rebuilt in 1847. <b>Denomination:</b> Protestant Episcopalian <b>Date Founded/Built:</b> 1842 </div>"
-73.99369,40.741033,"Church of the Holy Communion, 1845-1976",E,Non-evangelical,"<div class=""googft-info-window""> <b>name:</b> Church of the Holy Communion, 1845-1976 <b>description:</b> Protestant Episcopal Free Church. <b>Denomination:</b> Protestant Episcopalian <b>Date Founded/Built:</b> 1845 </div>"
-74.012177,40.707993,"Trinity Protestant Episcopal Church, 1697-present",E,Non-evangelical,"<div class=""googft-info-window""> <b>name:</b> Trinity Anglican/Protestant Episcopal Church, 1697-present <b>description:</b> Rebuilt 1788 following destruction during the Revolution; rebuilt 1841-46. <b>Denomination:</b> Protestant Episcopalian <b>Date Founded/Built:</b> 1697 </div>"
-74.009183,40.711344,"St. Paul's Protestant Episcopal Church, 1767-present",E,Non-evangelical,"<div class=""googft-info-window""> <b>name:</b> St. Paul's Protestant Episcopal Church, 1767-present <b>description:</b> <b>Denomination:</b> Protestant Episcopalian <b>Date Founded/Built:</b> -0001 </div>"
-74.008184,40.70895,"John Street Methodist Episcopal Church, 1768-",M,Evangelical,"<div class=""googft-info-window""> <b>name:</b> John Street Methodist Episcopal Church, 1768- <b>description:</b> Rebuilt 1817, 1841 on same site. <b>Denomination:</b> Methodist <b>Date Founded/Built:</b> 1768 </div>"
-73.987115,40.730405,"St. Mark's Protestant Episcopal Church, 1799-",E,Evangelical,"<div class=""googft-info-window""> <b>name:</b> St. Mark's Protestant Episcopal Church, 1799- <b>description:</b> <b>Denomination:</b> Protestant Episcopalian <b>Date Founded/Built:</b> 1799 </div>"
-74.003369,40.726266,"North/Beriah Baptist Church, 1820-at least 1860",B,Evangelical,
-73.991109,40.722483,"Stanton Street Baptist Church, 1834-at least 1860",B,Evangelical,
-73.994942,40.720018,"First Baptist Church, 1842-1871.",B,Evangelical,
-74.007868,40.709871,"South Baptist Church, 1824-1848",B,Evangelical,"<div class=""googft-info-window""> <b>name:</b> South Baptist Church, 1824-1848 <b>description:</b> Approximate location.  Meets in church built for the Associate Presbyterians in 1803. <b>Denomination:</b> Baptist <b>Date Founded/Built:</b> 1824 </div>"
-73.979831,40.715345,"Cannon Street Baptist Church, 1841-at least 1860",B,Evangelical,
-74.005622,40.733048,"North Baptist Church, 1831-1881",B,Evangelical,"<div class=""googft-info-window""> <b>name:</b> North Baptist Church, 1831-1881 <b>description:</b> Previously met in a room on Greenwich Village. <b>Denomination:</b> Baptist <b>Date Founded/Built:</b> 1831 </div>"
-73.996806,40.71708,"Welsh Baptist Church, 1842-1844",B,Evangelical,
-74.00078,40.740845,"Sixteenth Street Baptist Church, 1838-1927",B,Evangelical,
-74.006761,40.722033,"Laight Street Baptist Church, 1842-1860s.",B,Evangelical,
-73.989425,40.75806,"Bloomingdale Baptist Church, 1843-?",B,Evangelical,
-73.984765,40.718221,"First Methodist Protestant Church, 1831-?",M,Evangelical,
-74.005976,40.717618,"African Methodist Episcopal Zion Church, 1800-?",M,Evangelical,
-74.001287,40.742663,"18th Street Methodist Episcopal Church, 1836-at least 1860",M,Evangelical,
-73.997139,40.711917,"Madison Street Methodist Episcopal Church, 1842-1855",M,Evangelical,
-73.996684,40.710432,"First Mariners' Baptist, 1843-1847",B,Evangelical,
-73.991756,40.725775,"Second German Methodist Episcopal Church, 1845-1849",M,Evangelical,
-73.998528,40.739134,"Methodist African Union, 1836-",M,Evangelical,
-74.007666,40.72821,"First Wesleyan Methodist Society, 1843-1858",M,Evangelical,
-73.999895,40.710393,"Mariner's Church, 1819-",I,Evangelical,
-73.991873,40.717157,"Allen Street Presbyterian Church, 1823-1899",P,Evangelical,"<div class=""googft-info-window""> <b>name:</b> Allen Street Presbyterian Church, 1823-1899 <b>description:</b> Moved from the Mission House on corner of Catherine and Banker (Madison), 1817. Rebuilt 1833. <b>Denomination:</b> Presbyterian <b>Date Founded/Built:</b> 1823 </div>"
-74.006398,40.711552,"Brick Presbyterian Church, 1767-1858",P,Evangelical,"<div class=""googft-info-window""> <b>name:</b> Brick Presbyterian Church, 1767-1858 <b>description:</b> Moved up to 37th Street in 1858. <b>Denomination:</b> Presbyterian <b>Date Founded/Built:</b> 1767 </div>"
-73.984211,40.716554,"Seventh Presbyterian Church, 1827-1912",P,Evangelical,"<div class=""googft-info-window""> <b>name:</b> Seventh Presbyterian Church, 1827-1912 <b>description:</b> Moved from church on Sheriff Street between Broome and Delancy, 1827. Rebuilt in 1831 after it burns. <b>Denomination:</b> Presbyterian <b>Date Founded/Built:</b> 1827 </div>"
-73.993895,40.730576,"Mercer Street Presbyterian Church, 1834-1870",P,Evangelical,
-73.996476,40.741792,"Eighth Avenue Church, 1843-1854",P,Evangelical,
-73.98411,40.713349,"Madison Street Presbyterian Church, 1836-1848",P,Evangelical,
-73.979753,40.72233,"Eleventh Presbyterian Church, 1842-1864",P,Evangelical,
-74.003725,40.723448,"Providence Chapel, 1823-?",I,Evangelical,
-74.003739,40.716276,"Broadway Tabernacle, 1839-1857",I,Evangelical,
-73.98316,40.713754,"All Saints Protestant Episcopal Church, 1828-present",E,Non-evangelical,
-73.995755,40.733784,"Church of the Ascension, 1840-?",E,Evangelical,
-74.001796,40.743898,"St. Peter's Protestant Episcopal Church, 1838-present",E,Non-evangelical,
-73.994693,40.715369,"German Reformed Church, 1822-at least 1860",D,Non-evangelical,
-74.001077,40.722717,"Broome Street Reformed Dutch Church, 1823-?",D,Non-evangelical,
-73.985043,40.715774,"St. Mary's Roman Catholic Church, 1833-present",C,Non-evangelical,
-74.000731,40.732543,"St. Joseph's Roman Catholic Church, 1833-present",C,Non-evangelical,
-74.009594,40.712355,"St. Peter's Roman Catholic Church, 1786-present",C,Non-evangelical,"<div class=""googft-info-window""> <b>name:</b> St. Peter's Roman Catholic Church, 1786-present <b>description:</b> Rebuilt in 1836. <b>Denomination:</b> Catholic <b>Date Founded/Built:</b> 1786 </div>"
-73.986692,40.723151,"St. Nicholas Roman Catholic Church, 1835-present",C,Non-evangelical,
-73.941793,40.799757,"St. Paul's Roman Catholic Church, 1835-present",C,Non-evangelical,
-73.998621,40.712269,"St. James Roman Catholic Church, 1836-present",C,Non-evangelical,
-74.005102,40.713866,"Church of the Transfiguration, 1837-1853",C,Non-evangelical,
-73.992858,40.748792,"St. John the Baptist Roman Catholic Church, 1840-1870",C,Non-evangelical,
-74.002768,40.713269,"St. Andrew's Roman Catholic Church, 1842-present",C,Non-evangelical,
-73.984412,40.723611,"Church of the Most Holy Redeemer, 1844-present",C,Non-evangelical,
-73.990577,40.748694,"St. Francis of Assisi, 1844-present",C,Non-evangelical,
-73.998972,40.747342,"St. Columba Roman Catholic Church, 1845-present.",C,Non-evangelical,
-74.000789,40.718767,"B'Nai Jeshurun Synagogue, 1827-1850",J,Non-evangelical,"<div class=""googft-info-window""> <b>name:</b> B'Nai Jeshurun Synagogue, 1827-1850 <b>description:</b> Purchase former First Colored Presbyterian Church.  Move up to Greene Street. <b>Denomination:</b> Jewish <b>Date Founded/Built:</b> 1827 </div>"
-73.995938,40.71281,"Anshi Chesed Synagogue, 1840-1850",J,Non-evangelical,
-73.983795,40.719217,"Shaary Shamayim Synagogue, 1841-?",J,Non-evangelical,
-74.001717,40.718141,"Swamp Church Lutheran, 1830-at least 1845",L,Non-evangelical,
-73.995978,40.717755,"Hester Street Quaker Meetinghouse, 1819-1861",Q,Non-evangelical,
-73.985847,40.711752,"Mariner's Methodist Episcopal Church, 1844-1861",M,Evangelical,
-73.986814,40.721092,"American Primitive Methodist Church, 1845-1846",M,Evangelical,
-73.988469,40.759326,"Fiftieth Street Tabernacle (Presbyterian), 1845-at least 1860",P,Evangelical,"<div class=""googft-info-window""> <b>name:</b> Fiftieth Street Tabernacle (Presbyterian), 1856-59 <b>description:</b> 725 8th Avenue <b>Denomination:</b> Presbyterian <b>Date Founded/Built:</b> 1856 </div>"
-73.936721,40.805948,"Harlem Baptist Church, 1844-1856",B,Evangelical,
-74.000256,40.746977,"Twenty-Fourth Street Methodist Episcopal Church, 1843-1849",M,Evangelical,
-73.985847,40.711752,"Mariner's Methodist Episcopal Church, 1844-1861",M,Evangelical,
-73.986814,40.721092,"American Primitive Methodist Church, 1845-1846",M,Evangelical,
-73.990988,40.717876,"Second Wesleyan Methodist Church, 1845-1849",M,Evangelical,
-74.003613,40.71526,"Pearl Street Associate Reformed Presbyterian Church, 1797-1853",P,Evangelical,
-73.991257,40.730276,"Murray Street Associate Reformed Presbyterian Church, 1842-1852",P,Evangelical,
-73.934433,40.804569,"Harlem Presbyterian Church, 1844-1872",P,Evangelical,
-73.993533,40.732482,"University Place Presbyterian Church, 1845-at least 1860",P,Evangelical,
-74.007308,40.719198,"Fourth Associate Reformed Presbyterian Church, 1832-at least 1860",P,Evangelical,
-74.001721,40.72119,"First Associate Presbyterian Church, 1824-1854",P,Evangelical,
-74.001477,40.733094,"Second Reformed Presbyterian, 1826-at least 1858",P,Evangelical,
-74.004604,40.738303,"Fifth Associate Reformed Presbyterian Church, 1844-at least 1859",P,Evangelical,
-73.9906,40.723211,"Second Associate Presbyterian Church, 1843-1851",P,Evangelical,
-73.99617,40.72375,"Reformed Presbyterian Church, 1836-1847",P,Evangelical,
-74.003009,40.725569,"First Reformed Presbyterian Church, 1839-at least 1860",P,Evangelical,
-73.998271,40.722514,"Crosby Street Congregational Church, 1845",I,Evangelical,
-73.992851,40.719879,"Second Congregational Church, 1845",I,Evangelical,
-73.969052,40.79635,"St. Michael's Protestant Episcopal Church, 1805-",E,Evangelical,
-73.95602,40.814926,"St. Mary's Protestant Episcopal Church, 1823-present",E,Non-evangelical,
-73.93736,40.806404,"St. Andrew's Protestant Episcopal Church, 1830-1871",E,Evangelical,
-74.008471,40.713876,"Garden Street / South Reformed Dutch Church, 1837-1848",D,Non-evangelical,
-73.938017,40.801544,"Harlem Reformed Dutch Church, 1785-at least 1860",D,Non-evangelical,
-73.981913,40.723637,"Young Men's Mission / Manhattan Reformed Dutch Church, 1843-at least 1860",D,Non-evangelical,
-73.99133,40.731131,"Ninth Street Reformed Dutch Church, 1831-1859",D,Non-evangelical,
-73.99281,40.741438,"Twenty-First Street Reformed Dutch, 1838-at least 1860",D,Non-evangelical,
-73.995988,40.729819,"Washington Square Reformed Dutch Church, 1840-at least 1860",D,Non-evangelical,
-73.989965,40.723022,"German Evangelical Missionary Church, 1842-at least 1860",D,Non-evangelical,
-73.993357,40.728188,"Lafayette Place Reformed Dutch Church, 1839-1887",D,Non-evangelical,
-73.990365,40.718397,"Orchard Street Universalist Church, 1832-at least 1860",U,Non-evangelical,
-74.002339,40.729579,"Third Universalist Church, 1836-at least 1860",U,Non-evangelical,
-73.996588,40.716851,"Fourth Universalist Church, 1839-1847",U,Non-evangelical,
-73.976763,40.719266,"Fifth Universalist Church, 1843-at least 1846",U,Non-evangelical,
-73.993044,40.72929,"Church of the Messiah Unitarian, 1839-at least 1860",V,Non-evangelical,
-74.002827,40.729696,"Downing Street Quaker Meetinghouse, 1832-",Q,Non-evangelical,
-74.002218,40.712251,"Rose Street Quaker Meetinghouse, 1824-1856",Q,Non-evangelical,
-73.991822,40.715697,"Orchard Streeet Quaker Meetinghouse, 1840-at least 1860",Q,Non-evangelical,
-73.996173,40.737865,"Evangelical Lutheran Church, 1842-1898",L,Non-evangelical,
-73.996871,40.719819,"St. James Lutheran Church, 1842-at least 1860",L,Non-evangelical,
